{
  "omega0": [
    0.2725,
    0.3225,
    0.3308333333333333,
    0.2891666666666667,
    0.3141666666666667,
    0.33916666666666667,
    0.2808333333333333,
    0.2975,
    0.3475,
    0.26416666666666666,
    0.3058333333333333,
    0.3558333333333333
  ],
  "omegab": [
    0.048875,
    0.049791666666666665,
    0.043375000000000004,
    0.04704166666666666,
    0.050708333333333334,
    0.045208333333333336,
    0.04429166666666667,
    0.046125,
    0.051625,
    0.04795833333333334,
    0.05254166666666666,
    0.042458333333333334
  ],
  "hubble": [
    0.6649999999999999,
    0.7050000000000001,
    0.725,
    0.7350000000000001,
    0.715,
    0.655,
    0.695,
    0.755,
    0.645,
    0.685,
    0.745,
    0.675
  ],
  "scalar_amp": [
    1.8500000000000006e-09,
    2.35e-09,
    2.1500000000000006e-09,
    2.55e-09,
    2.0499999999999997e-09,
    1.7499999999999997e-09,
    2.4500000000000004e-09,
    1.6500000000000003e-09,
    2.2500000000000003e-09,
    2.6499999999999997e-09,
    1.5500000000000002e-09,
    1.95e-09
  ],
  "ns": [
    0.995,
    0.895,
    0.9349999999999999,
    0.985,
    0.9049999999999999,
    0.9450000000000001,
    0.885,
    0.955,
    0.9750000000000001,
    0.925,
    0.965,
    0.915
  ],
  "w0": [
    -0.8249999999999997,
    -0.9749999999999999,
    -1.225,
    -0.7250000000000001,
    -1.275,
    -1.0250000000000001,
    -0.925,
    -0.8750000000000002,
    -1.1750000000000003,
    -1.1249999999999998,
    -1.075,
    -0.7749999999999999
  ],
  "wa": [
    0.44999999999999973,
    -0.45000000000000034,
    -0.25,
    -0.15000000000000036,
    0.3500000000000001,
    -0.5499999999999999,
    0.1499999999999997,
    -0.6499999999999999,
    0.050000000000000044,
    -0.34999999999999953,
    -0.0499999999999996,
    0.25000000000000033
  ],
  "mnu": [
    0.28125,
    0.39375,
    0.018750000000000017,
    0.16875,
    0.13125000000000017,
    0.31874999999999987,
    0.05625,
    0.3562500000000001,
    0.24375000000000013,
    0.43124999999999986,
    0.09374999999999986,
    0.20624999999999985
  ],
  "Neff": [
    2.958333333333334,
    2.2583333333333337,
    3.425,
    2.725,
    2.375,
    3.541666666666666,
    3.1916666666666664,
    2.608333333333334,
    2.8416666666666663,
    3.3083333333333336,
    3.075,
    2.4916666666666663
  ],
  "alphas": [
    0.010000000000000002,
    0.016666666666666642,
    -0.03666666666666667,
    -0.02333333333333336,
    0.003333333333333355,
    0.030000000000000006,
    0.036666666666666646,
    -0.0033333333333333617,
    -0.03,
    -0.010000000000000002,
    0.023333333333333352,
    -0.01666666666666664
  ],
  "MWDM_inverse": [
    0.791666666666667,
    0.0416666666666667,
    0.625,
    0.125,
    0.958333333333333,
    0.458333333333333,
    0.375,
    0.875,
    0.291666666666667,
    0.708333333333333,
    0.208333333333333,
    0.541666666666667
  ],
  "bounds": [
    [
      0.26,
      0.36
    ],
    [
      0.042,
      0.053
    ],
    [
      0.64,
      0.76
    ],
    [
      1.5000000000000002e-09,
      2.7e-09
    ],
    [
      0.88,
      1.0
    ],
    [
      -1.3,
      -0.7
    ],
    [
      -0.7,
      0.5
    ],
    [
      0.0,
      0.45
    ],
    [
      2.2,
      3.6
    ],
    [
      -0.04,
      0.04
    ],
    [
      0,
      1
    ]
  ],
  "parameter_names": [
    "omega0",
    "omegab",
    "hubble",
    "scalar_amp",
    "ns",
    "w0",
    "wa",
    "mnu",
    "Neff",
    "alphas",
    "MWDM_inverse"
  ]
}