{
  "omega0": [
    0.2625,
    0.3025,
    0.33749999999999997,
    0.27749999999999997,
    0.3075,
    0.3275,
    0.2725,
    0.31249999999999994,
    0.3325,
    0.2825,
    0.3175,
    0.32249999999999995
  ],
  "omegab": [
    0.04516666666666667,
    0.05083333333333333,
    0.0475,
    0.049833333333333334,
    0.048499999999999995,
    0.04616666666666666,
    0.04783333333333333,
    0.049166666666666664,
    0.0465,
    0.0455,
    0.04883333333333333,
    0.049499999999999995
  ],
  "hubble": [
    0.6761111111111111,
    0.7316666666666667,
    0.6594444444444444,
    0.6927777777777778,
    0.665,
    0.7261111111111112,
    0.7094444444444444,
    0.6816666666666668,
    0.6705555555555556,
    0.715,
    0.7038888888888889,
    0.6483333333333333
  ],
  "scalar_amp": [
    2.2555555555555553e-09,
    1.944444444444445e-09,
    2.0333333333333338e-09,
    2.388888888888889e-09,
    2.1666666666666666e-09,
    1.7222222222222224e-09,
    2.1222222222222225e-09,
    1.8111111111111113e-09,
    2.4333333333333336e-09,
    1.9888888888888888e-09,
    2.4777777777777778e-09,
    1.7666666666666668e-09
  ],
  "ns": [
    0.9513888888888888,
    0.9819444444444444,
    0.9986111111111111,
    0.9958333333333333,
    0.9541666666666666,
    0.9736111111111111,
    0.9680555555555556,
    0.9652777777777778,
    0.9875,
    0.9930555555555556,
    0.9597222222222221,
    0.9708333333333333
  ],
  "w0": [
    -1.0833333333333335,
    -0.7499999999999998,
    -1.1833333333333336,
    -1.15,
    -0.85,
    -0.9833333333333332,
    -1.25,
    -0.8833333333333335,
    -0.9166666666666666,
    -1.0499999999999998,
    -1.1166666666666665,
    -0.7833333333333333
  ],
  "wa": [
    0.041666666666666075,
    -0.7083333333333339,
    -0.12500000000000044,
    -0.20833333333333304,
    -0.7916666666666665,
    0.37500000000000044,
    -0.875,
    -0.04166666666666652,
    0.20833333333333393,
    -0.37499999999999944,
    0.2916666666666665,
    -0.541666666666666
  ],
  "mnu": [
    0.09249999999999999,
    0.08750000000000004,
    0.1275,
    0.06749999999999999,
    0.14250000000000002,
    0.10249999999999998,
    0.12249999999999996,
    0.07250000000000001,
    0.1175,
    0.07749999999999996,
    0.13250000000000003,
    0.10750000000000001
  ],
  "Neff": [
    3.038888888888889,
    2.65,
    3.5055555555555555,
    3.4277777777777785,
    2.8833333333333337,
    2.7277777777777783,
    2.961111111111111,
    3.661111111111111,
    2.3388888888888886,
    2.5722222222222215,
    3.583333333333334,
    2.8055555555555554
  ],
  "alphas": [
    0.011666666666666638,
    0.008333333333333338,
    -0.02166666666666666,
    -0.0016666666666666809,
    0.025000000000000015,
    -0.01833333333333336,
    -0.025,
    0.02166666666666666,
    0.004999999999999984,
    0.02833333333333332,
    0.0016666666666666774,
    -0.028333333333333332
  ],
  "bounds": [
    [
      0.26,
      0.35
    ],
    [
      0.045,
      0.051
    ],
    [
      0.64,
      0.74
    ],
    [
      1.7000000000000001e-09,
      2.5e-09
    ],
    [
      0.95,
      1.0
    ],
    [
      -1.3,
      -0.7
    ],
    [
      -1.0,
      0.5
    ],
    [
      0.06,
      0.15
    ],
    [
      2.3,
      3.7
    ],
    [
      -0.03,
      0.03
    ]
  ],
  "parameter_names": [
    "omega0",
    "omegab",
    "hubble",
    "scalar_amp",
    "ns",
    "w0",
    "wa",
    "mnu",
    "Neff",
    "alphas"
  ]
}