{
  "omega0": [
    0.248,
    0.296,
    0.312,
    0.34400000000000003,
    0.392,
    0.264,
    0.28,
    0.328,
    0.36,
    0.376
  ],
  "omegab": [
    0.053,
    0.043000000000000003,
    0.049,
    0.059,
    0.047,
    0.055,
    0.056999999999999995,
    0.041,
    0.051000000000000004,
    0.045
  ],
  "hubble": [
    0.7535000000000001,
    0.6625,
    0.6495,
    0.7145,
    0.6885,
    0.6755,
    0.7015,
    0.7275,
    0.6365,
    0.7405
  ],
  "scalar_amp": [
    2.38e-09,
    2.14e-09,
    1.7400000000000002e-09,
    1.98e-09,
    2.3e-09,
    2.06e-09,
    2.22e-09,
    1.8200000000000001e-09,
    2.46e-09,
    1.9e-09
  ],
  "ns": [
    0.9480000000000001,
    0.9560000000000001,
    0.98,
    0.932,
    0.988,
    0.964,
    0.996,
    0.972,
    0.924,
    0.9400000000000001
  ],
  "w0": [
    -0.73,
    -1.09,
    -0.9099999999999999,
    -1.27,
    -1.03,
    -0.97,
    -1.21,
    -0.85,
    -0.79,
    -1.15
  ],
  "wa": [
    0.050000000000000044,
    0.35,
    -0.25,
    0.25,
    -0.35,
    -0.45,
    0.15000000000000002,
    0.44999999999999996,
    -0.04999999999999999,
    -0.15000000000000002
  ],
  "mnu": [
    0.192,
    0.288,
    0.216,
    0.144,
    0.072,
    0.24,
    0.12,
    0.096,
    0.16799999999999998,
    0.264
  ],
  "Neff": [
    3.5549,
    3.2641,
    3.9911,
    4.4273,
    3.7003,
    4.2819,
    3.1187,
    4.1365,
    3.8457,
    3.4095
  ],
  "alphas": [
    -0.015,
    0.026999999999999996,
    -0.027,
    0.0030000000000000027,
    0.009000000000000001,
    0.020999999999999998,
    -0.009000000000000001,
    0.015,
    -0.002999999999999999,
    -0.020999999999999998
  ],
  "MWDM": [
    14.0,
    18.0,
    38.0,
    26.0,
    6.0,
    2.0,
    30.0,
    22.0,
    34.0,
    10.0
  ],
  "bounds": [
    [
      0.24,
      0.4
    ],
    [
      0.04,
      0.06
    ],
    [
      0.63,
      0.76
    ],
    [
      1.7000000000000001e-09,
      2.5e-09
    ],
    [
      0.92,
      1.0
    ],
    [
      -1.3,
      -0.7
    ],
    [
      -0.5,
      0.5
    ],
    [
      0.06,
      0.3
    ],
    [
      3.046,
      4.5
    ],
    [
      -0.03,
      0.03
    ],
    [
      0,
      40
    ]
  ],
  "parameter_names": [
    "omega0",
    "omegab",
    "hubble",
    "scalar_amp",
    "ns",
    "w0",
    "wa",
    "mnu",
    "Neff",
    "alphas",
    "MWDM"
  ]
}