{
  "omega0": [
    0.2635,
    0.28450000000000003,
    0.29150000000000004,
    0.3055,
    0.3265,
    0.2705,
    0.2775,
    0.2985,
    0.3125,
    0.3195
  ],
  "omegab": [
    0.0465,
    0.0415,
    0.044500000000000005,
    0.0495,
    0.043500000000000004,
    0.0475,
    0.0485,
    0.0405,
    0.0455,
    0.0425
  ],
  "hubble": [
    0.754,
    0.67,
    0.658,
    0.718,
    0.6940000000000001,
    0.682,
    0.706,
    0.73,
    0.646,
    0.742
  ],
  "scalar_amp": [
    2.5200000000000004e-09,
    2.1600000000000004e-09,
    1.5600000000000002e-09,
    1.92e-09,
    2.4e-09,
    2.0400000000000004e-09,
    2.2800000000000004e-09,
    1.6800000000000002e-09,
    2.64e-09,
    1.8000000000000002e-09
  ],
  "ns": [
    0.922,
    0.934,
    0.97,
    0.898,
    0.982,
    0.946,
    0.994,
    0.958,
    0.886,
    0.91
  ],
  "w0": [
    -0.73,
    -1.09,
    -0.9099999999999999,
    -1.27,
    -1.03,
    -0.97,
    -1.21,
    -0.85,
    -0.79,
    -1.15
  ],
  "wa": [
    -0.039999999999999925,
    0.32000000000000006,
    -0.39999999999999997,
    0.19999999999999996,
    -0.52,
    -0.6399999999999999,
    0.08000000000000007,
    0.43999999999999995,
    -0.15999999999999992,
    -0.27999999999999997
  ],
  "mnu": [
    0.24750000000000003,
    0.4275,
    0.29250000000000004,
    0.1575,
    0.022500000000000003,
    0.3375,
    0.1125,
    0.0675,
    0.2025,
    0.3825
  ],
  "Neff": [
    2.69,
    2.41,
    3.1100000000000003,
    3.5300000000000002,
    2.83,
    3.39,
    2.27,
    3.25,
    2.97,
    2.5500000000000003
  ],
  "alphas": [
    -0.014750000000000001,
    0.013949999999999997,
    -0.02295,
    -0.0024499999999999973,
    0.0016500000000000022,
    0.009849999999999998,
    -0.010650000000000001,
    0.005749999999999998,
    -0.00655,
    -0.018850000000000002
  ],
  "MWDM_inverse": [
    0.35,
    0.45,
    0.95,
    0.65,
    0.15,
    0.05,
    0.75,
    0.55,
    0.85,
    0.25
  ],
  "bounds": [
    [
      0.26,
      0.33
    ],
    [
      0.04,
      0.05
    ],
    [
      0.64,
      0.76
    ],
    [
      1.5000000000000002e-09,
      2.7e-09
    ],
    [
      0.88,
      1.0
    ],
    [
      -1.3,
      -0.7
    ],
    [
      -0.7,
      0.5
    ],
    [
      0.0,
      0.45
    ],
    [
      2.2,
      3.6
    ],
    [
      -0.025,
      0.016
    ],
    [
      0,
      1
    ]
  ],
  "parameter_names": [
    "omega0",
    "omegab",
    "hubble",
    "scalar_amp",
    "ns",
    "w0",
    "wa",
    "mnu",
    "Neff",
    "alphas",
    "MWDM_inverse"
  ]
}