{
  "omega0": [
    0.225,
    0.30499999999999994,
    0.375,
    0.25499999999999995,
    0.31500000000000006,
    0.355,
    0.24500000000000002,
    0.32499999999999996,
    0.3650000000000001,
    0.265,
    0.335,
    0.3449999999999999
  ],
  "omegab": [
    0.04041666666666667,
    0.05458333333333333,
    0.046250000000000006,
    0.05208333333333334,
    0.048749999999999995,
    0.04291666666666666,
    0.04708333333333333,
    0.05041666666666666,
    0.04375,
    0.04125,
    0.04958333333333333,
    0.051250000000000004
  ],
  "hubble": [
    0.6577777777777778,
    0.7466666666666667,
    0.6311111111111111,
    0.6844444444444445,
    0.64,
    0.7377777777777778,
    0.711111111111111,
    0.6666666666666667,
    0.648888888888889,
    0.72,
    0.7022222222222222,
    0.6133333333333333
  ],
  "scalar_amp": [
    2.3888888888888882e-09,
    1.6111111111111122e-09,
    1.8333333333333344e-09,
    2.722222222222223e-09,
    2.1666666666666662e-09,
    1.0555555555555558e-09,
    2.0555555555555565e-09,
    1.2777777777777782e-09,
    2.8333333333333347e-09,
    1.7222222222222222e-09,
    2.944444444444445e-09,
    1.1666666666666668e-09
  ],
  "ns": [
    0.8083333333333333,
    0.9916666666666667,
    1.0916666666666668,
    1.0750000000000002,
    0.8250000000000001,
    0.9416666666666667,
    0.9083333333333333,
    0.8916666666666668,
    1.0250000000000001,
    1.0583333333333333,
    0.8583333333333333,
    0.9250000000000002
  ],
  "w0": [
    -0.740277777777778,
    0.12083333333333379,
    -0.9986111111111118,
    -0.9125000000000001,
    -0.13749999999999996,
    -0.48194444444444406,
    -1.1708333333333334,
    -0.22361111111111187,
    -0.3097222222222221,
    -0.6541666666666661,
    -0.8263888888888882,
    0.0347222222222221
  ],
  "wa": [
    -0.569444444444446,
    -2.319444444444446,
    -0.9583333333333344,
    -1.152777777777777,
    -2.5138888888888884,
    0.20833333333333437,
    -2.7083333333333335,
    -0.7638888888888888,
    -0.18055555555555403,
    -1.5416666666666654,
    0.01388888888888884,
    -1.930555555555554
  ],
  "mnu": [
    0.2166666666666666,
    0.1833333333333336,
    0.44999999999999996,
    0.04999999999999998,
    0.5500000000000002,
    0.28333333333333316,
    0.41666666666666635,
    0.0833333333333334,
    0.38333333333333336,
    0.11666666666666639,
    0.4833333333333336,
    0.3166666666666668
  ],
  "Neff": [
    3.4138888888888896,
    2.7750000000000004,
    4.180555555555555,
    4.052777777777779,
    3.158333333333334,
    2.902777777777779,
    3.2861111111111105,
    4.43611111111111,
    2.2638888888888893,
    2.6472222222222213,
    4.308333333333334,
    3.0305555555555554
  ],
  "alphas": [
    0.019444444444444403,
    0.013888888888888895,
    -0.0361111111111111,
    -0.0027777777777778026,
    0.0416666666666667,
    -0.0305555555555556,
    -0.04166666666666667,
    0.03611111111111111,
    0.008333333333333304,
    0.04722222222222221,
    0.0027777777777778026,
    -0.04722222222222222
  ],
  "bounds": [
    [
      0.22,
      0.4
    ],
    [
      0.04,
      0.055
    ],
    [
      0.6,
      0.76
    ],
    [
      1e-09,
      3.0000000000000004e-09
    ],
    [
      0.8,
      1.1
    ],
    [
      -1.3,
      0.25
    ],
    [
      -3,
      0.5
    ],
    [
      0.0,
      0.6
    ],
    [
      2.2,
      4.5
    ],
    [
      -0.05,
      0.05
    ]
  ],
  "parameter_names": [
    "omega0",
    "omegab",
    "hubble",
    "scalar_amp",
    "ns",
    "w0",
    "wa",
    "mnu",
    "Neff",
    "alphas"
  ]
}