{
  "omega0": [
    0.2645,
    0.2735,
    0.2825,
    0.2915,
    0.3005,
    0.3095,
    0.3185,
    0.3275,
    0.33649999999999997,
    0.3455
  ],
  "omegab": [
    0.0465,
    0.047099999999999996,
    0.0501,
    0.045899999999999996,
    0.049499999999999995,
    0.0489,
    0.050699999999999995,
    0.048299999999999996,
    0.0453,
    0.0477
  ],
  "hubble": [
    0.6985,
    0.6535,
    0.7255,
    0.6715,
    0.6625,
    0.7075,
    0.6805,
    0.6445,
    0.7165,
    0.6895
  ],
  "scalar_amp": [
    1.9e-09,
    2.14e-09,
    2.46e-09,
    2.3e-09,
    1.8200000000000001e-09,
    2.06e-09,
    1.7400000000000002e-09,
    2.38e-09,
    1.98e-09,
    2.22e-09
  ],
  "ns": [
    0.9775,
    0.9624999999999999,
    0.9924999999999999,
    0.9675,
    0.9824999999999999,
    0.9524999999999999,
    0.9724999999999999,
    0.9875,
    0.9575,
    0.9975
  ],
  "w0": [
    -1.09,
    -0.79,
    -0.97,
    -1.27,
    -1.15,
    -0.85,
    -1.03,
    -0.73,
    -0.9099999999999999,
    -1.21
  ],
  "wa": [
    -0.6399999999999999,
    0.19999999999999996,
    -0.15999999999999992,
    -0.039999999999999925,
    0.08000000000000007,
    0.43999999999999995,
    -0.27999999999999997,
    -0.52,
    -0.39999999999999997,
    0.32000000000000006
  ],
  "mnu": [
    0.1365,
    0.1275,
    0.0915,
    0.0735,
    0.0645,
    0.1095,
    0.1185,
    0.1005,
    0.08249999999999999,
    0.1455
  ],
  "Neff": [
    3.046,
    3.046,
    3.046,
    3.046,
    3.046,
    3.046,
    3.046,
    3.046,
    3.046,
    3.046
  ],
  "alphas": [
    0.0,
    0.0,
    0.0,
    0.0,
    0.0,
    0.0,
    0.0,
    0.0,
    0.0,
    0.0
  ],
  "bounds": [
    [
      0.26,
      0.35
    ],
    [
      0.045,
      0.051
    ],
    [
      0.64,
      0.73
    ],
    [
      1.7000000000000001e-09,
      2.5e-09
    ],
    [
      0.95,
      1.0
    ],
    [
      -1.3,
      -0.7
    ],
    [
      -0.7,
      0.5
    ],
    [
      0.06,
      0.15
    ],
    [
      3.046,
      3.046
    ],
    [
      -0.0,
      0.0
    ]
  ],
  "parameter_names": [
    "omega0",
    "omegab",
    "hubble",
    "scalar_amp",
    "ns",
    "w0",
    "wa",
    "mnu",
    "Neff",
    "alphas"
  ]
}