{
  "omega0": [
    0.27125,
    0.31625,
    0.32375,
    0.26375,
    0.30875,
    0.34624999999999995,
    0.27875,
    0.30124999999999996,
    0.33125000000000004,
    0.28625,
    0.29375,
    0.33875
  ],
  "omegab": [
    0.04575,
    0.04825,
    0.050249999999999996,
    0.04675,
    0.047749999999999994,
    0.049249999999999995,
    0.050749999999999997,
    0.04725,
    0.04625,
    0.048749999999999995,
    0.04975,
    0.04525
  ],
  "hubble": [
    0.7025,
    0.7191666666666667,
    0.6441666666666667,
    0.7108333333333333,
    0.6941666666666667,
    0.6691666666666667,
    0.6858333333333333,
    0.6525,
    0.7358333333333333,
    0.6775,
    0.7275,
    0.6608333333333333
  ],
  "scalar_amp": [
    2.3333333333333335e-09,
    1.7333333333333336e-09,
    2.2e-09,
    2.133333333333334e-09,
    1.8666666666666664e-09,
    2.2666666666666663e-09,
    2e-09,
    1.9333333333333337e-09,
    2.4e-09,
    2.4666666666666664e-09,
    1.8000000000000002e-09,
    2.0666666666666666e-09
  ],
  "ns": [
    0.9854166666666666,
    0.9770833333333333,
    0.9604166666666666,
    0.9645833333333333,
    0.9895833333333334,
    0.96875,
    0.9979166666666667,
    0.9729166666666667,
    0.9562499999999999,
    0.99375,
    0.9520833333333333,
    0.98125
  ],
  "w0": [
    -0.6,
    -1.2666666666666666,
    -0.9333333333333336,
    -0.7333333333333336,
    -1.0666666666666664,
    -0.8666666666666665,
    -1.0,
    -0.5333333333333335,
    -1.1333333333333337,
    -1.2,
    -0.6666666666666664,
    -0.8
  ],
  "wa": [
    -0.4375,
    0.062499999999999556,
    -0.5624999999999994,
    -0.0625,
    -0.9375,
    0.18750000000000044,
    -0.6875000000000004,
    0.3125,
    -0.31250000000000056,
    0.43749999999999956,
    -0.18749999999999956,
    -0.8125
  ],
  "mnu": [
    0.07874999999999997,
    0.10124999999999997,
    0.12374999999999997,
    0.14624999999999996,
    0.06375,
    0.10875000000000001,
    0.13874999999999998,
    0.07125,
    0.11624999999999999,
    0.08625000000000002,
    0.09375,
    0.13125000000000003
  ],
  "Neff": [
    2.825,
    2.3583333333333334,
    3.6416666666666666,
    3.0583333333333336,
    3.5250000000000004,
    2.4749999999999996,
    2.708333333333334,
    2.9416666666666664,
    3.408333333333334,
    3.175,
    3.291666666666666,
    2.591666666666666
  ],
  "alphas": [
    -0.0225,
    0.017500000000000016,
    0.0075,
    0.027499999999999983,
    -0.0025000000000000196,
    -0.027499999999999997,
    -0.01249999999999998,
    0.0225,
    -0.0075,
    0.002500000000000016,
    -0.01750000000000002,
    0.012499999999999983
  ],
  "bounds": [
    [
      0.26,
      0.35
    ],
    [
      0.045,
      0.051
    ],
    [
      0.64,
      0.74
    ],
    [
      1.7000000000000001e-09,
      2.5e-09
    ],
    [
      0.95,
      1.0
    ],
    [
      -1.3,
      -0.5
    ],
    [
      -1.0,
      0.5
    ],
    [
      0.06,
      0.15
    ],
    [
      2.3,
      3.7
    ],
    [
      -0.03,
      0.03
    ]
  ],
  "parameter_names": [
    "omega0",
    "omegab",
    "hubble",
    "scalar_amp",
    "ns",
    "w0",
    "wa",
    "mnu",
    "Neff",
    "alphas"
  ]
}