{
  "omega0": [
    0.248,
    0.264,
    0.28,
    0.296,
    0.312,
    0.328,
    0.34400000000000003,
    0.36,
    0.376,
    0.392
  ],
  "omegab": [
    0.04375,
    0.04525,
    0.05275,
    0.04225,
    0.051250000000000004,
    0.04975,
    0.05425,
    0.04825,
    0.04075,
    0.04675
  ],
  "hubble": [
    0.688,
    0.628,
    0.724,
    0.652,
    0.64,
    0.7,
    0.664,
    0.616,
    0.712,
    0.6759999999999999
  ],
  "scalar_amp": [
    1.9e-09,
    2.14e-09,
    2.46e-09,
    2.3e-09,
    1.8200000000000001e-09,
    2.06e-09,
    1.7400000000000002e-09,
    2.38e-09,
    1.98e-09,
    2.22e-09
  ],
  "ns": [
    0.964,
    0.9400000000000001,
    0.988,
    0.9480000000000001,
    0.972,
    0.924,
    0.9560000000000001,
    0.98,
    0.932,
    0.996
  ],
  "w0": [
    -1.09,
    -0.79,
    -0.97,
    -1.27,
    -1.15,
    -0.85,
    -1.03,
    -0.73,
    -0.9099999999999999,
    -1.21
  ],
  "wa": [
    -0.6399999999999999,
    0.19999999999999996,
    -0.15999999999999992,
    -0.039999999999999925,
    0.08000000000000007,
    0.43999999999999995,
    -0.27999999999999997,
    -0.52,
    -0.39999999999999997,
    0.32000000000000006
  ],
  "mnu": [
    0.1275,
    0.11249999999999999,
    0.0525,
    0.0225,
    0.0075,
    0.0825,
    0.0975,
    0.0675,
    0.0375,
    0.1425
  ],
  "Neff": [
    3.046,
    3.046,
    3.046,
    3.046,
    3.046,
    3.046,
    3.046,
    3.046,
    3.046,
    3.046
  ],
  "alphas": [
    0.0,
    0.0,
    0.0,
    0.0,
    0.0,
    0.0,
    0.0,
    0.0,
    0.0,
    0.0
  ],
  "bounds": [
    [
      0.24,
      0.4
    ],
    [
      0.04,
      0.055
    ],
    [
      0.61,
      0.73
    ],
    [
      1.7000000000000001e-09,
      2.5e-09
    ],
    [
      0.92,
      1.0
    ],
    [
      -1.3,
      -0.7
    ],
    [
      -0.7,
      0.5
    ],
    [
      0.0,
      0.15
    ],
    [
      3.046,
      3.046
    ],
    [
      -0.0,
      0.0
    ]
  ],
  "parameter_names": [
    "omega0",
    "omegab",
    "hubble",
    "scalar_amp",
    "ns",
    "w0",
    "wa",
    "mnu",
    "Neff",
    "alphas"
  ]
}