{
  "omega0": [
    0.2609,
    0.2825,
    0.3095,
    0.3257,
    0.3437,
    0.2753,
    0.29510000000000003,
    0.3041,
    0.31489999999999996,
    0.34909999999999997,
    0.2681,
    0.2789,
    0.29869999999999997,
    0.3275,
    0.3383,
    0.2771,
    0.2843,
    0.3005,
    0.3203,
    0.3455,
    0.2717,
    0.2807,
    0.3077,
    0.32389999999999997,
    0.3347,
    0.2645,
    0.2897,
    0.2969,
    0.3311,
    0.3419,
    0.2627,
    0.2933,
    0.3023,
    0.3293,
    0.34729999999999994,
    0.2735,
    0.2879,
    0.3059,
    0.3167,
    0.3329,
    0.26990000000000003,
    0.2915,
    0.31129999999999997,
    0.3221,
    0.33649999999999997,
    0.2663,
    0.2861,
    0.3131,
    0.3185,
    0.34009999999999996
  ],
  "omegab": [
    0.049859999999999995,
    0.047099999999999996,
    0.04614,
    0.04878,
    0.04806,
    0.04962,
    0.0465,
    0.05046,
    0.047459999999999995,
    0.04578,
    0.04998,
    0.047939999999999997,
    0.045899999999999996,
    0.04722,
    0.04926,
    0.0501,
    0.045059999999999996,
    0.049139999999999996,
    0.0477,
    0.04734,
    0.049019999999999994,
    0.050339999999999996,
    0.04518,
    0.046259999999999996,
    0.04818,
    0.04758,
    0.04686,
    0.04554,
    0.05022,
    0.04937999999999999,
    0.047819999999999994,
    0.049499999999999995,
    0.04674,
    0.045419999999999995,
    0.05058,
    0.0453,
    0.04698,
    0.04842,
    0.050699999999999995,
    0.04974,
    0.0489,
    0.05082,
    0.04638,
    0.04602,
    0.048299999999999996,
    0.048659999999999995,
    0.04854,
    0.046619999999999995,
    0.04566,
    0.05094
  ],
  "hubble": [
    0.6967,
    0.6625,
    0.7219,
    0.6877,
    0.6553,
    0.7039,
    0.7291,
    0.6409,
    0.6823,
    0.6589,
    0.6985,
    0.6841,
    0.7237,
    0.6535,
    0.6751,
    0.7057,
    0.6895,
    0.6427,
    0.6715,
    0.7273,
    0.7147,
    0.6445,
    0.6787,
    0.6697,
    0.7111,
    0.7129,
    0.6643,
    0.6463,
    0.6805,
    0.7075,
    0.7182999999999999,
    0.7021,
    0.6499,
    0.6931,
    0.6661,
    0.6949,
    0.6679,
    0.6913,
    0.7255,
    0.6481,
    0.6607,
    0.6571,
    0.7165,
    0.6859,
    0.7003,
    0.6517000000000001,
    0.7093,
    0.6769000000000001,
    0.6733,
    0.7201
  ],
  "scalar_amp": [
    2.0920000000000002e-09,
    2.316e-09,
    1.9640000000000002e-09,
    2.348e-09,
    1.724e-09,
    1.98e-09,
    2.1880000000000003e-09,
    1.7560000000000001e-09,
    2.38e-09,
    2.044e-09,
    2.3e-09,
    1.868e-09,
    1.7400000000000002e-09,
    2.364e-09,
    2.156e-09,
    1.8200000000000001e-09,
    2.172e-09,
    2.4280000000000003e-09,
    1.884e-09,
    2.2040000000000002e-09,
    2.252e-09,
    2.108e-09,
    2.396e-09,
    1.772e-09,
    1.996e-09,
    2.012e-09,
    2.076e-09,
    2.236e-09,
    2.4440000000000002e-09,
    1.836e-09,
    2.412e-09,
    1.9e-09,
    1.788e-09,
    2.124e-09,
    2.268e-09,
    1.708e-09,
    2.22e-09,
    2.476e-09,
    1.9480000000000003e-09,
    2.14e-09,
    2.06e-09,
    2.3320000000000002e-09,
    1.8040000000000002e-09,
    2.46e-09,
    1.916e-09,
    1.8520000000000002e-09,
    2.492e-09,
    1.932e-09,
    2.284e-09,
    2.028e-09
  ],
  "ns": [
    0.9924999999999999,
    0.9695,
    0.9875,
    0.9504999999999999,
    0.9724999999999999,
    0.9715,
    0.9684999999999999,
    0.9935,
    0.9804999999999999,
    0.9564999999999999,
    0.9624999999999999,
    0.9535,
    0.9964999999999999,
    0.9884999999999999,
    0.9784999999999999,
    0.9915,
    0.9604999999999999,
    0.9744999999999999,
    0.9544999999999999,
    0.9844999999999999,
    0.9944999999999999,
    0.9515,
    0.9635,
    0.9835,
    0.9735,
    0.9664999999999999,
    0.9824999999999999,
    0.9704999999999999,
    0.9524999999999999,
    0.9995,
    0.9595,
    0.9644999999999999,
    0.9984999999999999,
    0.9855,
    0.9755,
    0.9615,
    0.9895,
    0.9584999999999999,
    0.9775,
    0.9904999999999999,
    0.9975,
    0.9764999999999999,
    0.9675,
    0.9864999999999999,
    0.9555,
    0.9655,
    0.9795,
    0.9815,
    0.9955,
    0.9575
  ],
  "w0": [
    -1.246,
    -0.778,
    -1.174,
    -0.97,
    -0.9339999999999999,
    -0.9219999999999999,
    -0.79,
    -0.946,
    -1.114,
    -1.21,
    -0.838,
    -1.27,
    -1.042,
    -1.138,
    -0.802,
    -1.09,
    -1.258,
    -0.73,
    -0.85,
    -1.018,
    -0.982,
    -1.078,
    -0.9099999999999999,
    -0.7659999999999999,
    -1.222,
    -0.7419999999999999,
    -1.294,
    -1.066,
    -0.886,
    -1.03,
    -1.054,
    -1.15,
    -1.186,
    -0.7539999999999999,
    -0.862,
    -0.8979999999999999,
    -1.006,
    -1.234,
    -0.718,
    -1.102,
    -0.874,
    -1.282,
    -1.162,
    -0.706,
    -0.958,
    -0.814,
    -0.994,
    -0.826,
    -1.1260000000000001,
    -1.198
  ],
  "wa": [
    -0.39999999999999997,
    -0.49599999999999994,
    0.272,
    0.248,
    -0.20800000000000002,
    0.488,
    -0.136,
    -0.44799999999999995,
    -0.6639999999999999,
    0.10400000000000009,
    -0.592,
    0.3920000000000001,
    -0.42399999999999993,
    -0.039999999999999925,
    0.19999999999999996,
    -0.08799999999999997,
    -0.472,
    0.29599999999999993,
    -0.27999999999999997,
    0.15200000000000002,
    0.46399999999999997,
    -0.30399999999999994,
    0.128,
    -0.18399999999999994,
    -0.688,
    0.05600000000000005,
    -0.5439999999999999,
    0.43999999999999995,
    -0.32799999999999996,
    -0.016000000000000014,
    0.03200000000000003,
    -0.15999999999999992,
    0.41600000000000015,
    -0.616,
    -0.352,
    -0.11199999999999999,
    -0.6399999999999999,
    0.3440000000000001,
    -0.37599999999999995,
    0.22399999999999998,
    -0.23199999999999998,
    0.08000000000000007,
    0.3680000000000001,
    -0.06399999999999995,
    -0.52,
    0.008000000000000007,
    -0.568,
    0.32000000000000006,
    -0.25599999999999995,
    0.17600000000000005
  ],
  "mnu": [
    0.0807,
    0.1437,
    0.1293,
    0.060899999999999996,
    0.11129999999999998,
    0.1347,
    0.0915,
    0.1059,
    0.0645,
    0.1275,
    0.06989999999999999,
    0.1149,
    0.0987,
    0.0897,
    0.1455,
    0.1473,
    0.1005,
    0.1185,
    0.0771,
    0.08789999999999999,
    0.0843,
    0.12209999999999999,
    0.13290000000000002,
    0.0753,
    0.1095,
    0.1167,
    0.1491,
    0.0717,
    0.1041,
    0.08249999999999999,
    0.12029999999999999,
    0.0663,
    0.11309999999999999,
    0.1401,
    0.0861,
    0.13829999999999998,
    0.0789,
    0.1311,
    0.1023,
    0.0681,
    0.1365,
    0.09509999999999999,
    0.09689999999999999,
    0.06269999999999999,
    0.1239,
    0.0735,
    0.12569999999999998,
    0.1419,
    0.0933,
    0.10769999999999999
  ],
  "Neff": [
    3.046,
    3.046,
    3.046,
    3.046,
    3.046,
    3.046,
    3.046,
    3.046,
    3.046,
    3.046,
    3.046,
    3.046,
    3.046,
    3.046,
    3.046,
    3.046,
    3.046,
    3.046,
    3.046,
    3.046,
    3.046,
    3.046,
    3.046,
    3.046,
    3.046,
    3.046,
    3.046,
    3.046,
    3.046,
    3.046,
    3.046,
    3.046,
    3.046,
    3.046,
    3.046,
    3.046,
    3.046,
    3.046,
    3.046,
    3.046,
    3.046,
    3.046,
    3.046,
    3.046,
    3.046,
    3.046,
    3.046,
    3.046,
    3.046,
    3.046
  ],
  "alphas": [
    0.0,
    0.0,
    0.0,
    0.0,
    0.0,
    0.0,
    0.0,
    0.0,
    0.0,
    0.0,
    0.0,
    0.0,
    0.0,
    0.0,
    0.0,
    0.0,
    0.0,
    0.0,
    0.0,
    0.0,
    0.0,
    0.0,
    0.0,
    0.0,
    0.0,
    0.0,
    0.0,
    0.0,
    0.0,
    0.0,
    0.0,
    0.0,
    0.0,
    0.0,
    0.0,
    0.0,
    0.0,
    0.0,
    0.0,
    0.0,
    0.0,
    0.0,
    0.0,
    0.0,
    0.0,
    0.0,
    0.0,
    0.0,
    0.0,
    0.0
  ],